,frame,x,y,limb
0,0,0.3182499253682726,0.5888170987507375,left_hand
1,0,0.45696526246837843,0.7761571924518602,right_hand
2,22,0.4435566121045278,0.8926983293947739,right_foot
3,44,0.3671878568140341,0.9162063144712409,left_foot
4,235,0.335265503199083,0.5659613647050017,right_hand
5,299,0.23503541321321467,0.6218987822729997,left_hand
6,341,0.19993412802232388,0.8458714197334801,left_foot
7,464,0.3853924261669233,0.5796238461258887,right_hand
8,594,0.24775715691121,0.6060448613933695,right_hand
