,frame,x,y,limb
0,0,0.586060433278859,0.8076943490729509,right_hand
1,9,0.4631051789059156,0.7629245964396671,left_hand
2,24,0.5509856524807246,0.9137528472765236,left_foot
3,59,0.569101918475699,0.816191944485101,right_foot
4,220,0.5193154636506865,0.821704695004525,left_foot
5,525,0.46906480602071754,0.7349431274644668,right_hand
6,650,0.39474838764482356,0.6465202280059943,left_hand
