,frame,x,y,limb
0,0,0.17612729114294604,0.8982359331905599,left_foot
1,0,0.1960585271646035,0.8634044004791935,right_foot
2,21,0.18804424645132223,0.7199417361179892,right_hand
3,54,0.1751601795289575,0.7203122155368553,left_hand
4,135,0.1830745372522484,0.7258559129116763,left_foot
