,frame,x,y,limb
0,1,0.3840007474010434,0.7357324316297833,left_hand
1,5,0.4745577645519043,0.676115602289999,right_hand
2,9,0.4363585353098107,0.8947210207372988,right_foot
3,162,0.31029966603026987,0.9777603482291956,left_foot
