,frame,x,y,limb
0,24,0.5004112705254918,0.7453802712269543,left_hand
1,45,0.4967781433869003,0.9562240336885475,left_foot
2,168,0.5179240270014704,0.7350794133958372,left_foot
3,635,0.38866238181907353,0.9214894140794518,left_hand
4,683,0.4149509730299469,1.2005611482095073,left_foot
