,frame,x,y,limb
0,0,0.7143001493194823,0.5875594744826781,left_hand
1,0,0.768810433785468,0.5810052861956857,right_hand
2,37,0.7469912011119754,0.7525537751755833,left_foot
3,89,0.4279992366098661,0.5613993241610404,left_hand
4,108,0.7440417317305468,0.7492245952986794,right_foot
5,211,0.9090329063972822,0.6132376980979822,right_foot
