,frame,x,y,limb
0,0,0.528814664020773,0.5868451285178791,left_hand
1,0,0.539257296381865,0.5815133739653787,right_hand
2,56,0.5043202014785154,0.815482956378358,right_foot
3,67,0.42398226336650857,0.7043671941471659,left_foot
4,210,0.5768697687592798,0.298887469603618,left_hand
