,frame,x,y,limb
0,0,0.4530693985505792,0.6939987755552035,left_hand
1,0,0.46353501562961646,0.7191360693294842,right_hand
2,0,0.4990477210848829,1.0565489133409927,right_foot
3,1,0.478319583124112,1.0006913195377294,left_foot
4,136,0.5645936075113118,0.7663103161466368,right_foot
5,175,0.5432665528252825,0.9690237740420021,left_foot
6,270,0.45619013794394786,0.770095999343235,left_hand
7,721,0.5712766215217902,0.7412138679638945,right_hand
