,frame,x,y,limb
0,0,0.6281662752477004,0.5766681090434932,left_hand
1,0,0.6979402747938597,0.6136836733514777,left_foot
2,104,0.7215725070271596,0.5876488570886784,right_foot
3,146,0.8765057329891763,0.459716242233382,left_hand
4,211,0.8851763776096696,0.45107602136053554,right_hand
5,226,0.618149369787952,0.5731650843035622,left_foot
6,252,0.6660709032417399,0.4199556740008374,left_hand
7,292,0.9633612227781079,0.3985575301418732,right_hand
