,frame,x,y,limb
0,26,0.6662795140884521,0.7363719742122956,left_hand
1,37,0.6750348869413609,0.7290650883371627,right_hand
2,38,0.6450685452141377,0.8890700229603807,right_foot
3,87,0.5804479407720629,0.8190123463998913,left_foot
