,frame,x,y,limb
0,0,0.03992819826024658,0.7542496264178373,left_hand
1,76,0.3474700070899039,0.8135527256924072,right_foot
2,91,0.3799188902127837,0.4915875175414583,left_hand
3,91,0.5152343122313626,0.719406921289031,right_hand
