,frame,x,y,limb
0,0,0.3107026832687805,0.410489274582082,left_hand
1,4,0.5200981831649639,0.8213796998152202,left_foot
2,17,0.5409172636566282,0.824777107496676,right_foot
3,54,0.4336788066216316,0.1027605955445684,right_hand
