,frame,x,y,limb
0,0,0.7707096281571728,0.4603108240946061,right_hand
1,0,0.39184839476001726,0.5811217050571897,left_foot
2,0,0.6400094425826369,0.6563788970033576,right_foot
