,frame,x,y,limb
0,0,0.4551054809710476,0.5626575828729433,right_hand
1,0,0.5857144709118454,0.8435377471221163,right_foot
2,2,0.4352759479672568,0.5713982067522537,left_hand
3,46,0.476816860691408,0.9205939713252785,left_foot
4,124,0.3504055710920612,0.6007166451013416,left_hand
5,213,0.5795629081795026,0.8869932085684336,left_foot
6,358,0.312008174709298,0.8242600481177325,left_foot
7,774,0.27224268477481806,0.9183916194560687,left_hand
8,776,0.3345308813227355,0.9163788184933137,right_hand
