,frame,x,y,limb
0,0,0.4602003189724131,0.7733439052303018,right_hand
1,0,0.4516459573868978,0.8991620824477579,right_foot
2,6,0.4699666381920737,0.9353203682419858,left_foot
3,90,0.3169995041493657,0.589036263313255,left_hand
4,183,0.372591833225747,0.9073348730434165,left_foot
5,461,0.3365968431874389,0.5694787288899086,right_hand
6,548,0.23517287742136583,0.6208178080479764,left_hand
7,600,0.20328076353136312,0.8491483302400883,left_foot
8,709,0.2435073482294034,0.6090142003912485,right_hand
