,frame,x,y,limb
0,50,0.19970537781866687,0.7674924111287974,left_foot
1,148,0.21981367592355183,1.1110312178679622,left_foot
2,155,0.23759139036282304,1.1142176347394999,right_foot
3,181,0.29636291041037477,0.9317246541595486,right_hand
4,182,0.17669894759602658,0.9235877843387258,left_hand
