,frame,x,y,limb
0,0,0.4363429545733041,0.5876501402039709,right_hand
1,0,0.39641218845679854,0.7274159982947328,left_foot
2,0,0.4414588580699408,0.7327224877580913,right_foot
3,56,0.27176599297109494,0.452879690358003,left_hand
