,frame,x,y,limb
0,0,0.5742437337385421,0.7586226793658915,left_hand
1,0,0.5859810710416669,0.752093187658237,right_hand
2,0,0.5511685389043759,0.9254467561677038,right_foot
3,52,0.47310641665285297,0.845292177129988,left_foot
