,frame,x,y,limb
0,0,0.5443427370032203,0.7461670830748042,left_hand
1,0,0.5535001984190838,0.7454414865113344,right_hand
2,30,0.5339274640181836,0.9167421900890295,left_foot
3,97,0.5632907603558396,0.8747054814819482,right_foot
4,415,0.5409950569165426,0.7319057673209586,left_foot
