,frame,x,y,limb
0,0,0.1405843934930514,0.7962226883177613,left_hand
1,35,0.3047273268276047,0.936616790568795,right_foot
2,41,0.46417951954562225,0.8039143849453182,right_hand
3,44,0.12938605851896287,0.8317836423964216,left_foot
4,93,0.655863871934703,0.604243388299852,left_hand
5,274,0.7018901781650457,0.7935150334018366,right_hand
