,frame,x,y,limb
0,0,0.5951137766164146,0.49260934193755324,left_hand
1,0,0.620577310514935,0.5108597949225101,right_hand
2,0,0.6411001746468151,0.6422095464684585,left_foot
3,68,0.644055427496428,0.5275078269843102,right_foot
4,188,0.4421217913881118,0.39656846345002755,left_hand
