,frame,x,y,limb
0,0,0.5817223504440914,0.6258561406381208,right_hand
1,0,0.5635662021023751,0.9005520524973964,left_foot
2,10,0.5983145925504358,0.8622099813218391,right_foot
3,21,0.47566269786264886,0.7662665671210821,left_hand
4,298,0.39157855446888573,0.8222222920519818,right_foot
5,377,0.3254873623717719,1.063984209081768,right_foot
