,frame,x,y,limb
0,0,0.4970279216064545,0.7366857798888911,left_hand
1,4,0.5113357057017925,0.7471819523783271,right_hand
2,49,0.49651468634571677,0.9548528222932204,left_foot
3,94,0.5213540749345376,0.8954457492090561,right_foot
4,270,0.49842103458961773,0.7273924465313611,left_foot
