,frame,x,y,limb
0,0,0.40815686783880856,0.6476659731249793,left_hand
1,2,0.506198672495842,0.5132834639553856,right_hand
2,2,0.5069166202657571,0.710865351634348,left_foot
3,9,0.5526305049646043,0.7034467062480324,right_foot
