,frame,x,y,limb
0,31,0.7065101508213101,0.9637116522769613,left_foot
1,31,0.740331716898396,0.9448020090536765,right_foot
2,36,0.5765801021720806,0.5938371303098082,left_hand
3,67,0.6893289705153091,0.7892084172274655,right_hand
4,86,0.702622504467111,0.9288188002622846,right_foot
5,129,0.5866615210683673,0.9256654509253899,left_foot
6,164,0.6784093499572037,0.857450168000787,right_foot
7,338,0.6784143619723869,1.1588760838276428,left_foot
8,353,0.6337707920330475,0.9844160104886338,left_hand
