,frame,x,y,limb
0,0,0.38959954208182807,0.5599057607790873,left_hand
1,0,0.6012580533610923,0.5367856448753996,right_hand
2,0,0.5879250593471222,0.6692950147992354,left_foot
3,0,0.4064098246243441,0.7513751924148234,right_foot
4,162,0.6037391315081193,0.6455522581114844,right_foot
5,249,0.5915110154647729,0.37440211054840294,left_hand
