,frame,x,y,limb
0,0,0.7045507462980574,0.9692889450445856,right_foot
1,15,0.37711731559577716,0.8219073857921538,left_foot
2,67,0.6685219584353743,0.5924041082496854,right_hand
3,81,0.3995964928245703,0.47085625765074063,left_hand
4,164,0.3964306637866542,0.8333718997115269,right_foot
5,184,0.35395825736566044,0.7715076254009344,left_foot
