,frame,x,y,limb
0,0,0.49908843418242066,0.7989595437423472,left_hand
1,0,0.5841295290756761,0.621421616215531,right_hand
2,0,0.6018763444258711,0.8689867963841192,right_foot
3,18,0.5408911162569602,0.9221675296752571,left_foot
4,146,0.3255167810006004,0.6917606186736287,left_hand
5,190,0.28856851262953637,1.0075776111561399,right_foot
6,223,0.30738462016470325,0.9931697631983673,left_foot
7,257,0.35431470111563873,1.0118746154759588,right_foot
8,273,0.361265208499998,0.7511756703539183,left_hand
