,frame,x,y,limb
0,0,0.5312916780520265,0.8698186065842071,left_foot
1,3,0.5309251819084735,0.6766611749216201,right_hand
2,5,0.554964752436033,0.8176285998574122,right_foot
3,54,0.38086091892229307,0.5089263066775566,left_hand
4,146,0.442211694047597,0.8424023287005414,left_foot
