,frame,x,y,limb
0,0,0.7479161513519847,0.6175271114011455,right_hand
1,0,0.7380359544090013,0.7574041788342707,left_foot
2,0,0.791288476116866,0.7118515805429574,right_foot
3,30,0.46900539743729436,0.5059727960502205,left_hand
4,71,0.5728124092484195,0.7229898135601482,left_foot
