,frame,x,y,limb
0,0,0.5234766238528126,0.5439662644460592,right_hand
1,0,0.5328115830328706,0.6713142538439917,right_foot
2,5,0.49925382291460435,0.6665875944742945,left_foot
3,56,0.37571210006495054,0.41986871546329535,left_hand
4,213,0.5212620476984837,0.5612387264944806,right_foot
5,275,0.40348934126664365,0.5739330711293035,left_foot
