,frame,x,y,limb
0,0,0.7680329590899004,0.7057364802904567,left_hand
1,0,0.8425031348394507,0.8155213870113295,right_hand
2,1,0.7896633184084099,0.9884136381307964,right_foot
3,16,0.6793483702122063,0.8232445704802197,left_foot
4,129,0.7997348279738141,0.8128804721732954,right_hand
5,140,0.7281000559869991,0.6425830369605852,left_hand
6,239,0.6894023498519156,0.899631159423521,right_foot
7,359,0.7249254125905514,0.4236066083428512,right_hand
8,394,0.7132081793963161,0.837562814147414,right_foot
