,frame,x,y,limb
0,34,0.4438255075800859,0.050835547534950044,left_hand
1,34,0.6852447193515312,0.40912663177301867,right_hand
2,85,0.5448051395248518,0.8572643940687056,right_foot
3,92,0.21831990038643095,0.31547171807931157,left_foot
