,frame,x,y,limb
0,0,0.03631885245338183,0.8348485338058691,left_hand
1,6,0.06410994094814026,0.836936427482754,right_hand
