,frame,x,y,limb
0,0,0.4427756386032003,0.5857144054194888,left_hand
1,0,0.4087270597678217,0.6828519865547188,left_foot
2,1,0.49252117176517807,0.7393332840032845,right_foot
3,54,0.5797941115305884,0.5003403554113494,right_hand
4,145,0.6492338063022841,0.6512335433630184,right_foot
5,241,0.31890741048418025,0.47806596368114207,left_hand
6,297,0.5784289369087585,0.6283856544990796,right_foot
7,318,0.3964062515193683,0.5976283183797892,left_foot
