,frame,x,y,limb
0,94,0.48801029049610856,0.697819335078486,left_foot
1,229,0.6463978241771722,0.43348849874253575,left_hand
2,288,0.5082594881289763,0.6905089602584725,right_foot
3,307,0.39252439413048995,0.5928288185553505,left_foot
4,324,0.6783845529496797,0.4188056127463885,right_hand
