,frame,x,y,limb
0,0,0.5244562589743691,0.7170059864723061,left_hand
1,4,0.5001250675025382,0.8948677144946195,right_foot
2,5,0.4789870885478154,0.8983296488763999,left_foot
3,12,0.5358310565115934,0.7117563666724577,right_hand
4,114,0.42068283332456824,0.8117383128670163,left_foot
5,255,0.5821656446002061,0.516939479249308,left_hand
