,frame,x,y,limb
0,0,0.5771928782264821,0.4426773365578517,left_hand
1,0,0.5934512997341788,0.451126408398861,right_hand
2,0,0.6028224604488486,0.5707951246448538,right_foot
3,3,0.5688376490164306,0.5686781544310212,left_foot
4,76,0.4568171699382524,0.3221887073335268,left_hand
