,frame,x,y,limb
0,6,0.6147763841714854,0.7499487167539692,right_hand
1,7,0.6049329773557591,0.7475819073156246,left_hand
2,22,0.5912062684201672,0.9192330597174115,left_foot
3,146,0.6167288526042011,0.8767911245288575,right_foot
4,284,0.6018798406894964,0.7350039299231222,left_foot
