,frame,x,y,limb
0,0,0.6072519471856226,0.7457725762592882,left_hand
1,0,0.6166173607609758,0.7517602767341444,right_hand
2,0,0.5935940941082395,0.9168884172877103,left_foot
3,69,0.6189412145506481,0.8714902250734122,right_foot
4,196,0.6021117452945017,0.7342243714574287,left_foot
