,frame,x,y,limb
0,0,0.5812012476919927,0.47815508429121273,left_hand
1,0,0.6199396521478757,0.4763609349396817,right_hand
2,30,0.5627268834865577,0.629375885299468,left_foot
3,64,0.6135928857283718,0.6464273787650829,right_foot
4,80,0.5716953296584726,0.3947283984368979,right_hand
5,294,0.593988847081626,0.5780237990715035,left_foot
6,308,0.5911380786371996,0.3493284653292154,left_hand
7,318,0.6468502822164811,0.5764808380088882,right_foot
