,frame,x,y,limb
0,12,0.17412111866644953,0.7304342559679391,left_hand
1,39,0.17444160767886194,0.8973162973143204,left_foot
2,39,0.193922643738955,0.8579339750456336,right_foot
3,50,0.1856596553800652,0.7248139881827905,right_hand
4,187,0.1814256278385414,0.7238356820396853,left_foot
