,frame,x,y,limb
0,0,0.4067546749284888,0.9609208453725694,right_hand
1,2,0.37591325957185123,0.984325969553806,left_foot
2,28,0.39224591105631207,0.9465990324822378,left_hand
3,145,0.3527858137430707,0.6175748757193945,left_hand
4,146,0.40037266212944095,0.5645167667940306,right_hand
5,289,0.4529948357751466,0.6446501391782828,right_foot
6,296,0.38301104907141154,0.7537902770410981,left_foot
7,341,0.36775787703058066,0.48805652425232454,left_hand
8,525,0.39077693715518697,0.38532078835661326,right_hand
