,frame,x,y,limb
0,0,0.39600988171218204,0.715027631274312,left_hand
1,0,0.4061506039016541,0.7093925522536335,right_hand
2,0,0.36528029813620855,0.8739827074464294,right_foot
3,25,0.27432722308896984,0.7907455599374252,left_foot
