,frame,x,y,limb
0,1,0.4133326610765957,0.9180885887151078,left_foot
1,61,0.5796640285446584,0.6621239701752323,left_hand
2,139,0.4075674544458429,0.9103130495075651,right_foot
3,145,0.2949080452425308,0.8101948736969814,left_foot
4,169,0.5936945105394718,0.6547450084355386,right_hand
5,258,0.33475059615948727,0.5654246357239596,left_hand
