,frame,x,y,limb
0,0,0.4971064223878814,0.6750535913087117,left_hand
1,0,0.5334833861784606,0.9349083324366321,left_foot
2,0,0.6812007779787316,0.7861779991978652,right_foot
3,59,0.48335920063054155,0.25780380746986586,right_hand
