,frame,x,y,limb
0,0,0.4886522384461296,0.1770474940672129,left_hand
1,0,0.5093322549422677,0.1849531777260157,right_hand
2,0,0.4982321048882165,0.554981754698975,left_foot
3,0,0.5224479414743034,0.5462780243051808,right_foot
4,195,0.5624949237641862,0.43551903026139893,right_hand
