,frame,x,y,limb
0,30,0.5219000928906989,0.6936318871151785,right_hand
1,81,0.5561868898798474,0.8041483868377547,right_foot
2,84,0.5364932399243603,0.8690942283624389,left_foot
3,166,0.3974893832116145,0.4912612484243402,right_hand
4,197,0.4531206949522709,0.6678272573140482,left_hand
5,276,0.4427051682546191,0.8292929086394097,left_foot
