,frame,x,y,limb
0,25,0.20845563699141995,0.7777458720424241,left_foot
1,50,0.18334769571964177,0.5822242722460204,left_hand
2,58,0.6620671767206516,0.67672750479767,right_foot
3,69,0.506776762365493,0.5201579252596648,right_hand
4,155,0.2417748596062983,0.6168063781001434,left_foot
5,215,0.2989403057102424,0.4972308258943921,left_hand
6,250,0.6006780776409057,0.5256813234736483,right_hand
7,366,0.37743837985015355,0.436457706944048,left_hand
8,454,0.8633433581563276,0.3820665247189006,right_hand
