,frame,x,y,limb
0,0,0.4409561795698342,0.8599353770019117,left_foot
1,1,0.6644457924157199,1.0250205914729125,right_foot
2,139,0.5915734854171646,0.5509766768923312,left_hand
3,210,0.44836419200627003,0.8476458270057599,right_foot
4,229,0.33989206379656467,0.7276213404075446,left_foot
5,253,0.5979677503169486,0.5387092115205926,right_hand
6,354,0.3607881189061662,0.44467365209542614,left_hand
7,372,0.5105517030066318,0.8240012263590435,right_foot
8,482,0.35237885731107343,0.7263817548295458,right_foot
