,frame,x,y,limb
0,0,0.6306271468141403,0.5772896584588768,left_hand
1,0,0.6434065872680594,0.5846048831315941,right_hand
2,0,0.6486880065776629,0.8922074037716159,left_foot
3,40,0.6704118764220562,0.7876914946361063,right_foot
4,109,0.5321368026743318,0.6775910214917457,left_hand
5,226,0.5118294345200494,0.7269453136968352,left_hand
