,frame,x,y,limb
0,1,0.3906369586032759,0.7350742359138653,left_hand
1,1,0.47471909917158445,0.6755983634654482,right_hand
2,4,0.41462912527727386,0.9698468238998581,left_foot
3,45,0.4348671501290884,0.8942515362640804,right_foot
4,90,0.4256978731373686,0.8924958992317044,left_foot
5,299,0.34045795683314123,0.8071136625275095,left_hand
6,307,0.36173878420353656,1.0027053623946205,left_foot
7,310,0.3652760878922089,0.9871786276885108,right_foot
