,frame,x,y,limb
0,1,0.6491132247684022,0.7712604478334882,left_hand
1,24,0.6488019559241422,0.9826488433959568,left_foot
2,29,0.729029395280995,0.8567010448285725,right_foot
3,39,0.6567130800770451,0.746671475066457,right_hand
4,140,0.6889675138806699,0.5574835359976834,right_hand
5,236,0.7131537194084508,0.8672058711831219,left_foot
6,451,0.6897957193134872,0.5509143781565428,left_hand
7,487,0.8533763850885607,0.5282581774509962,right_hand
8,579,0.7256420309317391,0.7074381120302282,left_foot
