,frame,x,y,limb
0,0,0.6612067271157603,0.37617774784577146,left_hand
1,3,0.672569287143508,0.37256935332263497,right_hand
2,31,0.5141173473794176,0.6766736633659894,right_foot
3,56,0.4107983815950186,0.5627922498075453,left_foot
4,169,0.43118716388110995,0.2683464921559531,left_hand
5,185,0.6604496101433845,0.620540982381239,right_foot
