,frame,x,y,limb
0,0,0.6131834002671347,0.931771718981377,right_foot
1,5,0.2764448601296675,0.7986012117580223,left_foot
2,40,0.5604916275607594,0.5862102063753374,right_hand
3,72,0.28783283096015866,0.4825608240392132,left_hand
4,108,0.376464021606658,0.9246341002845142,right_foot
