,frame,x,y,limb
0,0,0.883185124484901,0.7339210498463993,left_hand
1,0,0.9441488180398434,0.9361144634283746,right_foot
2,1,0.8798318664912054,0.9658937958434253,left_foot
3,28,0.9364130799163028,0.9049920882018088,right_hand
4,199,0.9044598278986435,0.7461143750878236,right_hand
