,frame,x,y,limb
0,0,0.6801767278883997,0.5802106578631456,right_hand
1,0,0.6151007840755339,0.905483741492597,right_foot
2,30,0.51891841390071,0.7927523761014665,left_foot
3,46,0.5878048994203884,0.5935216553253078,left_hand
