,frame,x,y,limb
0,0,0.6198423473663546,0.4788457145660734,left_hand
1,16,0.6515850314608893,0.4791407276730331,right_hand
2,74,0.6276271648512995,0.6170960244981741,right_foot
3,155,0.5924631885221806,0.38845405374988573,left_hand
4,240,0.6593332767355565,0.5954484031845954,left_foot
5,308,0.6369201345032262,0.5188690272191521,right_foot
