,frame,x,y,limb
0,86,0.42688637092897425,0.6645614238135673,left_hand
1,86,0.8069224665335233,0.7055706552070683,right_hand
2,87,0.8687038084085564,0.7925697064141596,right_foot
3,89,0.4400178799888311,0.7346497674987981,left_foot
4,333,0.720678569156717,0.4435957501444775,right_hand
5,540,0.8092202069882896,0.7070869494071349,right_foot
6,760,0.7011259194930495,0.35245766425268904,left_hand
7,1072,0.8341079690389327,0.6022812947537238,right_foot
