,frame,x,y,limb
0,0,0.5264902262770709,0.7377894224328849,left_hand
1,0,0.5006716814552629,0.9552664069328809,left_foot
2,0,0.578284072170383,0.9673953996354273,right_foot
3,49,0.6602429458673021,0.6359425993929426,right_hand
4,155,0.5620045354200212,0.9480191189379386,left_foot
5,281,0.6879699351196368,0.5055312810896948,left_hand
