,frame,x,y,limb
0,0,0.3858599257317793,0.6625410958639273,right_hand
1,0,0.3979013365701304,0.8170432830477988,right_foot
2,13,0.20160838126355698,0.5145464099868358,left_hand
3,45,0.3096503898420917,0.8139642489058637,left_foot
4,165,0.3953537286004249,0.6864186275705388,right_foot
5,230,0.23274117585573612,0.7322227779699689,left_foot
6,282,0.2932942123876638,0.4550502324983611,right_hand
