,frame,x,y,limb
0,0,0.4621798399554009,0.768581320087007,right_hand
1,0,0.4530558964432314,0.9418318487686759,left_foot
2,0,0.4855991051658978,0.9045047474204164,right_foot
3,26,0.3164360843996687,0.5865391616181026,left_hand
4,182,0.44305400832170255,0.8622389177585921,right_foot
5,272,0.37580925578185753,0.9110790158269585,left_foot
6,344,0.3464112397130464,0.5795844707251891,right_hand
