,frame,x,y,limb
0,123,0.8588705447976079,0.940016794168273,left_hand
1,124,0.8751670821305683,0.9125450032156378,right_hand
2,730,0.8328178344337804,0.5929820314454587,right_foot
3,841,0.8316424829230414,0.5697932205193862,right_hand
4,841,0.7803210441138447,0.822209071025023,left_foot
5,842,0.8672277684177605,0.8562345008761648,right_foot
6,850,0.7843081825757241,0.516396056507949,left_hand
