,frame,x,y,limb
0,20,0.5100704115383082,0.7372546685521952,left_hand
1,23,0.5173687226550596,0.7339967091126034,right_hand
