,frame,x,y,limb
0,48,0.6393419733470285,0.7271817846959576,left_hand
1,48,0.6881813678813443,0.8749676044240011,left_foot
2,48,0.7799107516142487,0.8227843595181777,right_foot
3,69,0.6587872292488385,0.5993101632956136,right_hand
4,217,0.5874827563354906,0.7583861752588532,left_foot
5,261,0.7012439791744731,0.7943718313748297,right_foot
