,frame,x,y,limb
0,0,0.5850360910650783,0.9286001216379007,left_foot
1,11,0.44032484806542227,0.5765695286308876,left_hand
2,55,0.5891084735982993,0.8455976755105311,right_foot
3,101,0.45797877238902585,0.5642397108763604,right_hand
4,177,0.34684971345361554,0.6049823130684139,left_hand
5,290,0.47574991928378146,0.938406914666491,left_foot
6,585,0.3672545481076313,0.9884783937084628,right_hand
7,590,0.28174879394105107,0.9898120750859921,left_hand
