,frame,x,y,limb
0,0,0.3293401988729473,0.5681946605516996,left_hand
1,0,0.5681656171617195,0.5599097367054408,right_hand
2,0,0.4362466013143878,0.764703411730761,left_foot
3,56,0.4698753562812326,0.7685485773300791,right_foot
4,85,0.5361045858035292,0.6750255594514089,left_foot
5,240,0.49094223746852667,0.839661088939822,right_foot
6,254,0.5842894604267528,0.7540258487405896,left_foot
7,314,0.5998914978897342,0.6797292347335081,right_foot
8,446,0.5871730278771732,0.4076288038583162,left_hand
