,frame,x,y,limb
0,0,0.5340161599497486,0.5779119638063653,right_hand
1,6,0.7303957126653078,0.7970926476911715,right_foot
2,10,0.48531537839959227,0.7976850595219902,left_foot
3,21,0.32384594824284857,0.5696261071319901,left_hand
