,frame,x,y,limb
0,0,0.4453423659308344,0.6476814160200882,left_hand
1,0,0.6492993071299297,0.41443121957932727,right_hand
2,83,0.5502648929204506,0.4249159014068023,left_hand
3,97,0.570484567090167,0.7516461221504115,right_foot
4,110,0.4628850667712283,0.6357238032752908,left_foot
