,frame,x,y,limb
0,0,0.5700862566130654,0.4878036807528674,left_hand
1,0,0.4777852156706136,0.7168961459873329,left_foot
2,4,0.5721295633838421,0.5223521168401559,right_hand
3,80,0.5360605371407666,0.685406198851014,left_foot
4,87,0.5559411707653169,0.39760693933403085,left_hand
5,87,0.6035335529138338,0.6453464438247644,right_foot
6,354,0.5541466763548639,0.6044064131082098,left_foot
7,583,0.5971995207739472,0.5181874002731136,right_foot
