,frame,x,y,limb
0,0,0.7077091954959897,0.5904017903661276,right_hand
1,0,0.6889875790971952,0.9661175809398583,right_foot
2,8,0.6736959454021149,0.9517057390866561,left_foot
3,21,0.5920997111625593,0.6258377417457965,left_hand
4,112,0.49822091656554185,0.9122507648943506,left_foot
5,210,0.7373213092988262,0.9307583280288025,left_foot
6,245,0.6532148536352705,0.7578819601588015,left_hand
7,246,0.7013610502848623,0.8747977968673044,right_foot
8,281,0.7506159420107775,0.8780580542437197,left_foot
