,frame,x,y,limb
0,5,0.5699319770710025,0.7332557989571662,right_hand
1,58,0.521935215554014,0.4877186703384359,left_hand
2,154,0.6228857440088029,0.36109943876444067,right_hand
3,231,0.7624497837133805,0.49789224348197464,right_foot
4,300,0.7522438353883675,0.6580573063451269,left_foot
