,frame,x,y,limb
0,11,0.41204437269414723,0.7125479865175259,left_hand
1,34,0.4994632457524048,0.7783313993855219,left_foot
2,197,0.589123506300617,0.7058461663846404,right_foot
3,254,0.45882031524131506,0.6990714931180039,left_foot
4,267,0.4129476792892652,0.5323446989143888,left_hand
5,323,0.9236812847612245,0.44444899041367253,right_hand
6,346,0.512731014475949,0.48487336554779137,left_hand
7,908,0.9189818458441006,0.4013169091705953,left_hand
