,frame,x,y,limb
0,0,0.4404138393970105,0.5822898277269141,left_hand
1,0,0.5777891445776462,0.9237586527924995,left_foot
2,0,0.5829971228433644,0.8408634029304825,right_foot
3,42,0.46508242712108694,0.5585307610328846,right_hand
4,94,0.3480210446449618,0.5990588931084855,left_hand
5,201,0.4772187706597228,0.9204318429802952,left_foot
6,321,0.36745983225761597,0.5858098432188368,right_hand
7,450,0.3088867692767661,0.8127636836367298,left_foot
