,frame,x,y,limb
0,0,0.4955728289476769,0.8025521779136514,left_hand
1,0,0.5067050067876261,0.8201373311275918,right_hand
2,8,0.4703120534266394,0.9142262661063604,left_foot
3,19,0.4928142512226541,0.8732140906189576,right_foot
