,frame,x,y,limb
0,0,0.4003087356226734,0.460899820958144,left_hand
1,0,0.5630459521951069,0.5790782421357203,right_hand
2,0,0.534047785640084,0.7028367411529025,left_foot
3,0,0.5836166733419984,0.7062383295586592,right_foot
4,271,0.4580414462027496,0.6627776067564178,left_foot
