,frame,x,y,limb
0,0,0.3856723054438776,0.5057531870916515,left_hand
1,0,0.5219125408877037,0.6999018840690139,right_hand
2,0,0.4360916403618954,0.8382004128321734,left_foot
3,0,0.5363021426604723,0.8331859923358965,right_foot
4,162,0.3935769136885345,0.49146220623161846,right_hand
5,173,0.507777868003734,0.7560826142111168,right_foot
6,185,0.29891500563502105,0.5358048770066913,left_hand
7,285,0.2723200884186693,0.7596013755214415,left_foot
8,356,0.31699861844168986,0.5144170770140865,right_hand
