,frame,x,y,limb
0,32,0.5251460733596285,0.7398890288619834,left_hand
1,32,0.5963800087436951,0.914845420511331,right_hand
2,39,0.5512227169452082,0.9544119201257647,left_foot
3,92,0.5787173410986608,0.9590180882450221,right_foot
4,196,0.5033475289168615,0.9726154469609865,left_foot
