,frame,x,y,limb
0,0,0.6204435000479849,0.45314021536230586,left_hand
1,0,0.508065979844867,0.7015326565871275,left_foot
2,1,0.6556431735916658,0.46562397764656294,right_hand
3,76,0.6133783577464846,0.6560412780374115,right_foot
4,102,0.5982358546405198,0.6573043402903485,left_foot
5,168,0.622896140159302,0.5825174780419017,left_foot
6,180,0.6650707828543447,0.5959996951606511,right_foot
7,183,0.6443411800987682,0.3272163256877805,left_hand
