,frame,x,y,limb
0,0,0.6694265904799382,0.9809518958332677,left_foot
1,2,0.6683055299780817,0.7746500046529907,left_hand
2,41,0.6718802765569211,0.7502857268290313,right_hand
3,85,0.7544507481079977,0.8560242231458531,right_foot
4,280,0.7123030253397363,0.5555569526293529,right_hand
5,422,0.7306557897455419,0.8586915772054329,left_foot
6,654,0.7122398155278927,0.5422897227273649,left_hand
7,707,0.8787010154049737,0.5228442464053629,right_hand
8,986,0.7400992680009774,0.694913878215578,left_foot
