,frame,x,y,limb
0,0,0.6006620193056812,0.7643839602345821,right_hand
1,1,0.5955718612426214,0.9568426760564556,left_foot
2,1,0.6001641886232183,0.8594594497938183,right_foot
3,27,0.437090435691546,0.582381439617003,left_hand
4,107,0.49812278693821993,0.906032178081261,left_foot
5,313,0.45998940707191266,0.5591328098184339,right_hand
6,482,0.35143649992076587,0.6022538013334805,left_hand
7,566,0.5845591321310826,0.8812700213098739,left_foot
8,682,0.3099797801848838,0.8138190553127012,left_foot
