,frame,x,y,limb
0,0,0.6898248195820302,0.7397010173235572,left_hand
1,62,0.8824547825091691,0.9145609155353172,right_foot
2,71,0.5301421558343726,0.8353650129370075,left_foot
3,214,0.4609857669700648,0.437761935330236,left_hand
4,229,0.8628618308401678,0.7682930775444695,right_foot
5,330,0.48462752660791386,0.4448443430308194,right_hand
6,393,0.41607167230737696,0.792674572939611,left_foot
