,frame,x,y,limb
0,0,0.573798331614482,0.6745642667085315,right_hand
1,54,0.5716822737330242,0.862611346689782,left_foot
2,55,0.4447289688611937,0.4984553402928506,left_hand
3,55,0.5950228388145681,0.8089255520053987,right_foot
4,154,0.4943618383034033,0.8286239996351662,left_foot
5,538,0.233055636403253,1.134551132799924,right_foot
6,542,0.19199641147325835,1.1482583866619012,left_foot
7,581,0.19427964752172244,0.8757431884275148,left_hand
8,583,0.23694540008786505,0.8759595297283668,right_hand
