,frame,x,y,limb
0,5,0.7845174292071732,0.8482926508785043,right_foot
1,40,0.31857333345754896,0.7297776638684307,left_foot
2,84,0.718037248255267,0.5162769158307431,right_hand
3,124,0.3262657503171357,0.4156940375487855,left_hand
4,167,0.330346362733531,0.7335243031199891,right_foot
5,178,0.28613400323359606,0.679533599589184,left_foot
