,frame,x,y,limb
0,0,0.3891766758561626,0.8823659880682073,right_foot
1,1,0.24868005166627816,0.8008224088312896,left_foot
2,63,0.68885002553359,0.5911428806662922,right_hand
3,242,0.7593085248530068,0.7892598119600529,right_foot
