,frame,x,y,limb
0,0,0.7504443570812559,0.8954638882182705,left_hand
1,0,0.7662025709049484,1.0341990682248177,left_foot
2,0,0.827949466015643,1.0565722521391063,right_foot
3,4,0.8258931805218142,0.7198033427144714,right_hand
4,110,0.8197551325358516,0.9170045335282343,right_foot
5,196,0.8031143377628427,0.5721818863058691,left_hand
