,frame,x,y,limb
0,0,0.5839272863425142,0.5684865949426442,right_hand
1,0,0.8758811796600235,0.6813320962867389,right_foot
2,86,0.4222590710043443,0.5167649795878102,left_hand
3,159,0.6265287309124244,0.5417473360615311,right_foot
4,225,0.4440151378461394,0.5023610738430995,right_hand
5,305,0.37178669039283335,0.43278376454253065,right_hand
6,348,0.5671955587498333,0.641595925026234,left_foot
7,396,0.42651555947799474,0.43007553414158134,right_hand
