,frame,x,y,limb
0,0,0.47205976623889306,0.6204887487184706,left_foot
1,27,0.45760480809562254,0.38713314692129946,left_hand
2,45,0.7242214750210367,0.5904771433703151,right_foot
3,145,0.47162014002757663,0.37621293881959067,right_hand
