,frame,x,y,limb
0,0,0.20461299512001627,0.5008963747188326,left_hand
1,0,0.4408159700732121,0.4115245976651181,right_hand
2,17,0.4402034422363243,0.6816321601020471,left_foot
3,76,0.7586749553246164,0.4866679174233189,right_foot
4,132,0.41302202848557273,0.3458999610271236,left_hand
5,219,0.6275968498023893,0.6027362896907669,left_foot
6,233,0.7135105821589325,0.30434016905331196,right_hand
7,320,0.2725527857985118,0.507432410024076,left_foot
8,375,0.4651899088166007,0.13938341147787173,left_hand
