,frame,x,y,limb
0,30,0.4078877732377287,0.7470954515607429,right_foot
1,31,0.19325590460222558,0.6162135521938858,left_hand
2,103,0.4023466523498633,0.568611436963602,right_hand
3,143,0.2226816404736575,0.6528057295897982,left_foot
