,frame,x,y,limb
0,0,0.3260311933766377,0.2131945840253529,left_hand
1,35,0.09914780677428203,0.4587952255102491,left_foot
2,117,0.33927260616629373,0.20641388241122058,right_hand
3,169,0.1598850508900916,0.02161409684138583,left_hand
