,frame,x,y,limb
0,0,0.4231660386257439,0.5960472064952449,left_hand
1,0,0.5850561436293071,0.6920420885381046,right_hand
2,0,0.5220305358025535,0.879520174273979,right_foot
