,frame,x,y,limb
0,0,0.5389253420713589,0.41756828795622997,right_hand
1,55,0.5709122050673104,0.3184632588815562,left_hand
2,143,0.28116133518749736,0.45357686972682637,right_foot
3,148,0.24388252019407008,0.40013426375047556,left_foot
4,205,0.578521919279394,0.2763103283782835,right_hand
5,230,0.3251664427033972,0.5004529929959184,right_foot
6,304,0.2844935512451312,0.18444575794834134,left_hand
7,430,0.5471228106711361,0.2985131989309095,right_foot
8,490,0.2889470579483459,0.051377731783807,right_hand
