,frame,x,y,limb
0,68,0.5048718364584325,0.7257654166068653,left_foot
